{"nDCG": 0.23090157986243964, "GRMSE": 2.940609987564604, "TrainTime": 34.93612464610487, "train_times": [41.73932869313285, 35.09740036493167, 34.93612464610487, 32.1237428789027, 32.57690411992371]}