{"nDCG": 0.05819742194437006, "GRMSE": 0.9234168164106441, "TrainTime": 0.4956380841322243, "train_times": [2.978890442289412, 0.536433408036828, 0.484327538870275, 0.4956380841322243, 0.4951807917095721]}