{"nDCG": 0.03762374307224234, "GRMSE": 0.958096999003098, "TrainTime": 0.026897930074483156, "train_times": [2.534970954991877, 0.026897930074483156, 0.02458473388105631, 0.024902102071791887, 0.0272851400077343]}