{"nDCG": 0.04228603112035453, "GRMSE": 0.8568600936333849, "TrainTime": 43.68188004102558, "train_times": [44.64042296120897, 41.990362173411995, 42.716846365015954, 43.9028232912533, 43.68188004102558]}