{"nDCG": 0.03427194554010685, "GRMSE": 0.9214899847857068, "TrainTime": 0.18002439895644784, "train_times": [2.7816719650290906, 0.18508684122934937, 0.18002439895644784, 0.17895272886380553, 0.17824016185477376]}