{"nDCG": 0.06009263241069454, "GRMSE": 0.8909360140747495, "TrainTime": 3.4323346889577806, "train_times": [8.276478822808713, 3.450174749828875, 3.4323346889577806, 3.4242615420371294, 3.4032602589577436]}