{"nDCG": 0.03257650916400703, "GRMSE": 0.8560323970255297, "TrainTime": 113.06898964382708, "train_times": [108.82377876760438, 113.06898964382708, 119.63619868876413, 114.79778459109366, 112.7469572359696]}