{"nDCG": 0.2113786833931961, "GRMSE": 2.9680902233729753, "TrainTime": 79.83496797224507, "train_times": [86.0898142750375, 79.08629059698433, 79.88484788499773, 79.58015261590481, 79.83496797224507]}