{"nDCG": 0.07849790062117229, "GRMSE": 0.99848756378711, "TrainTime": 0.737543354043737, "train_times": [5.008220728952438, 0.7350639030337334, 0.7402423589956015, 0.737543354043737, 0.7371853459626436]}