{"nDCG": 0.0019802935271215102, "GRMSE": 0.8438639163747583, "TrainTime": 17.324499730952084, "train_times": [23.379496423061937, 16.274004394887015, 17.324499730952084, 15.75470997998491, 19.25845571816899]}