{"nDCG": 0.03258750525383988, "GRMSE": 0.8560224125872264, "TrainTime": 106.32445129100233, "train_times": [106.32445129100233, 101.65318970405497, 100.3052975460887, 109.95296737505123, 118.82806111802347]}